Keystone Automotive,Meyer Distributing,Premier Performance / APG Wholesale,Turn 14 Distribution,Xtreme Diesel Power
AEM,Adams Driveshaft,Adams Driveshaft,AEM,AEM
AFE Power,AFE Power,ADS Shocks,Aero Exhaust,Aero Exhaust
Air Lift,Air Lift,AEM,AFE Power,AFE Power
Amp Research,Airaid,AFE Power,Air Lift,Air Lift
ARB USA,Amp Research,Air Lift,Airaid,Airaid
ARP,Anvil Off-Road,Airaid,Amp Research,Allison
ATI Performance,ARB USA,Allison,ARB USA,Amp Research
Auto Meter,ARP,Amp Research,ARP,Apex Chassis
Baja Designs,ATI Performance,Anvil Off-Road,ATI Performance,ARP
Banks Power,ATS Diesel Performance,Apex Designs,ATS Diesel Performance,ATI Performance
BD Engine Brake,Auto Meter,ARB USA,Auto Meter,ATS Diesel Performance
Bilstein,B&M,ARP,Baja Designs,Auto Meter
Borgeson Steering,Baja Designs,ATI Performance,BAK,B&M
BuiltRight Industries,Banks Power,ATS Diesel Performance,Banks Power,Banks Power
Bully Dog,BD Engine Brake,Auto Meter,BD Engine Brake,BD Engine Brake
CCIDH,Bilstein,Baja Designs,Bilstein,Beans Diesel Performance
Centerforce Clutches,BMC Lights,Banks Power,BuiltRight Industries,Bilstein
Cometic Gaskets,Bubba Rope,BD Engine Brake,Bully Dog,Borgeson Steering
CSF,Bully Dog,Bilstein,Carli Suspension,Bostech
Dayco,Carli Suspension,Bubba Rope,Cognito Motorsports,Bulletproof Diesel
Daystar,Cognito Motorsports,BuiltRight Industries,Cometic Gaskets,Bully Dog
Dorman,Cometic Gaskets,Bully Dog,Complete Performance,Calibrated Power
EBC,Complete Performance,Carli Suspension,CSF,Carli Suspension
Factor 55,CSF,Cognito Motorsports,Daystar,Cataclean
FASS Fuel Systems,Dayco,Cometic Gaskets,Diamond Eye Manufacturing,Centerforce Clutches
Flowmaster,Daystar,Complete Performance,Diode Dynamics,CNC Fabrication
Hawk,Diode Dynamics,CSF,Dynomite Diesel,Cognito Motorsports
Hellwig Products,Dorman,Dayco,EBC,Cometic Gaskets
Hypertech,Fabtech,Daystar,Fabtech,Complete Performance
Injen,Factor 55,Diamond Eye Manufacturing,FASS Fuel Systems,CSF
K&N,FASS Fuel Systems,DieselSite,Fleece Performance Engineering,Dayco
Kleinn,Fleece Performance Engineering,Diode Dynamics,Fluidyne,Daystar
Magnaflow,Gen-Y Hitch,Dynatrac,Fox,Diamond Eye Manufacturing
Mahle Aftermarket,H&S Motorsports,Dynomite Diesel,Gen-Y Hitch,Diesel Forward
MBRP,Hawk,EBC,H&S Motorsports,DieselSite
Mevotech,Hellwig Products,Factor 55,Hawk,Dorman
Mishimoto Automotive,Highway Products,FASS Fuel Systems,Hellwig Products,Dynatrac
MOOG,Hypertech,Fleece Performance Engineering,ICON Vehicle Dynamics,Dynomite Diesel
Oracle Lighting,ICON Vehicle Dynamics,Flowmaster,Industrial Injection,Fairchild Industries
Paramount Automotive,K&N,Fluidyne,Injen,FASS Fuel Systems
Poly Performance,Kleinn,Gen-Y Hitch,K&N,Fender Gripper
Powermaster Performance,Legend Brands,H&S Motorsports,Mag-Hytec,Fleece Performance Engineering
PowerStop,Mag-Hytec,Hamilton Cams,Magnaflow,Fluidyne
Putco,Magnaflow,Hawk,Mahle Aftermarket,Ford
Ranch Hand,Mahle Aftermarket,Hellwig Products,MBRP,Full Send Diesel
Rancho Suspension,MBRP,Highway Products,Method Race Wheels,Gator Fasteners
RECON Accessories,Method Race Wheels,HPS Performance Products,Mevotech,Gen-Y Hitch
SCT,Mevotech,Hypertech,Mishimoto Automotive,H&S Motorsports
SoCal SuperTrucks,Mishimoto Automotive,ICON Vehicle Dynamics,MOOG,Hamilton Cams
South Bend,Mob Armor,Industrial Injection,N-Fab,Hellwig Products
Spicer,MOOG,Injen,Nitrous Express,Hubb
Sport Truck USA,N-Fab,ISSPRO,Oracle Lighting,Hypertech
Superlift,No Limit Fabrication,K&N,Pacific Performance Engineering,Industrial Injection
Switch-Pros,OLM,KC HiLiTES,Performance Turbochargers,Injen
Tekonsha,Oracle Lighting,Kelderman Manufacturing,Poly Performance,Interstate McBee
Timbren,PacBrake,Kleinn,PowerStop,ISSPRO
Trigger,Pacific Performance Engineering,Legend Brands,Prothane,K&N
True Spike,Paramount Automotive,Longhorn Fab Shop,Pureflow Airdog,KC Turbos
Tuffy Security,Poly Performance,Mag-Hytec,Putco,Kleinn
Turbo Resource,PowerStop,Magnaflow,Rancho Suspension,Legend Brands
Walker Products,Pro Eagle,Mahle,Randy's Ring And Pinion,Longhorn Fab Shop
Warn,PSC Motorsports,Mahle Aftermarket,Revolution Gear & Axle,Mag-Hytec
WeatherTech,Pureflow Airdog,MBRP,Rigid Industries,Magnaflow
Weigh Safe,Putco,Merchant Automotive,Rock Slide,Mahle
Westin,Ranch Hand,Method Race Wheels,RockJock,Mahle Aftermarket
Wheel Pros,Rancho Suspension,Mevotech,SCT,MBRP
Zroadz,Randy's Ring And Pinion,Mishimoto Automotive,Sinister Diesel,Mean Green
,RECON Accessories,Mob Armor,South Bend,Merchant Automotive
,Revolution Gear & Axle,Mr. Gasket,Sport Truck USA,Mevotech
,Rock Krawler,N-Fab,ST,Mishimoto Automotive
,Rock Slide,Nitrous Express,Superlift,MOOG
,SoCal SuperTrucks,NOS,Switch-Pros,Mopar
,South Bend,OLM,Timbren,N-Fab
,Spicer,Oracle Lighting,Trigger,Nitrous Express
,Sport Truck USA,PacBrake,TS Performance,Oracle Lighting
,Spyder,Pacific Performance Engineering,Tuffy Security,PacBrake
,Superlift,Paramount Automotive,Turbo Resource,Pacific Performance Engineering
,Switch-Pros,Performance Turbochargers,Volant,Paramount Automotive
,T-Rex,Poly Performance,Wagner & Associates,Performance Turbochargers
,Tekonsha,PowerStop,WeatherTech,Poly Performance
,Timbren,Pureflow Airdog,Wehrli Custom Fab,Power Stroke Products
,Titan Truck,Putco,Weigh Safe,Proforged
,Trigger,Rancho Suspension,Westin,PSC Motorsports
,Tuffy Security,Randy's Ring And Pinion,Wilwood Engineering,Pureflow Airdog
,Turbo Resource,RECON Accessories,,Putco
,Warn,Revolution Gear & Axle,,Randy's Ring And Pinion
,WeatherTech,Rock Krawler,,Rare Parts
,Weigh Safe,Rock Slide,,RECON Accessories
,Westin,RockJock,,Rev-X
,Wheel Pros,Rotomaster,,Revmax
,XS Power Batteries,Rough Country,,S&B Filters
,Zroadz,S&B Filters,,S&S Diesel Motorsport
,,SCT,,SCT
,,Sinister Diesel,,Silverline
,,SoCal SuperTrucks,,SoCal SuperTrucks
,,South Bend,,South Bend
,,Spicer,,Spicer
,,Sport Truck USA,,Sport Truck USA
,,ST,,Sprint Booster
,,Suncoast,,SSBC
,,Superlift,,Strictly Diesel
,,SuspensionMAXX,,Suncoast
,,Switch-Pros,,Superchips
,,T-Rex,,Superlift
,,Timbren,,Switch-Pros
,,Titan Fuel Tanks,,T-Rex
,,TS Performance,,Timbren
,,Tuffy Security,,Tork Teknology
,,Turbo Resource,,TS Performance
,,Valair Clutch,,US Diesel Parts
,,Wagner & Associates,,Valair Clutch
,,Warn,,Volant
,,WeatherTech,,Walker Products
,,Wehrli Custom Fab,,Warn
,,Weigh Safe,,WeatherTech
,,Westin,,Wehrli Custom Fab
,,Wheel Pros,,Weigh Safe
,,Zroadz,,Wheel Pros
,,,,XDP
,,,,Zroadz
